project_name,primary_language,window_starts,window_ends,Events,NLOC,LevD,Tokens,CycC,Functions,Commits,HalEff,TS,N,E,Diam,Dens,ClustC,InD,EigG,FModR
ansible__ansible__2020-06-11_06-06-22,Python,1337773700,1363175300,306.34567901234567,152.8395061728395,11122.913580246914,1446.7654320987654,28.987654320987655,6.7407407407407405,10.950617283950615,1912220.089398645,81,88,3371,5,0.03187042842215256,0.4359478601689714,2.772727272727273,0.03760087537373691,0.37521630573417014
ansible__ansible__2020-06-11_06-06-22,Python,1363175300,1388576900,99.85185185185183,50.46913580246913,3434.456790123457,381.3395061728395,15.08641975308642,3.234567901234568,4.654320987654321,463733.0551573666,162,191,2788,5,0.01069165059244971,0.26357898518011197,2.031413612565445,0.03366696687018955,0.38023768825508
ansible__ansible__2020-06-11_06-06-22,Python,1388576900,1413978500,152.43579766536965,76.15175097276264,5277.3501945525295,504.78210116731515,19.513618677042803,5.346303501945525,4.817120622568093,625973.1647687511,257,353,6629,7,0.00466778264228689,0.2062318030696065,1.6430594900849858,0.03389139109232053,0.30642972434774113
ansible__ansible__2020-06-11_06-06-22,Python,1413978500,1439380100,181.59477124183007,102.66830065359476,6133.323529411765,570.5343137254902,20.973856209150327,4.51797385620915,5.194444444444445,509009.2447651709,612,710,12013,7,0.00207791175827886,0.2280395795558721,1.4732394366197183,0.00364316040270318,0.32026731131315045
ansible__ansible__2020-06-11_06-06-22,Python,1439380100,1464781700,198.44257274119448,112.71209800918837,6714.159264931087,573.2633996937213,20.38897396630934,4.823889739663094,5.765696784073507,519800.4923181677,653,951,16878,9,0.00176545464607891,0.2160533771398101,1.6771819137749735,0.03389943675775986,0.3583707157111012
ansible__ansible__2020-06-11_06-06-22,Python,1464781700,1490183300,326.406711409396,192.51140939597315,10274.804026845635,925.9959731543624,32.55436241610738,8.473825503355705,5.357046979865772,883532.2857533647,745,1256,30015,8,0.00180424797624787,0.2721319490522869,2.264331210191082,0.05262882511423339,0.4094844485436068
ansible__ansible__2020-06-11_06-06-22,Python,1490183300,1515584900,365.47148288973386,206.9556400506971,11511.818757921419,979.2281368821292,31.58808618504436,8.429657794676807,4.980988593155893,711785.6038400532,789,1503,43900,10,0.00148305253673744,0.2785436383362367,2.2275449101796405,0.00201099468684695,0.3374308339828523
ansible__ansible__2020-06-11_06-06-22,Python,1515584900,1540986500,298.5872156013001,193.65980498374864,10044.083423618637,914.6663055254604,29.80931744312026,7.3640303358613215,4.394366197183099,751790.2734296899,923,1487,26999,8,0.00128163237968178,0.2005564333452232,1.9045057162071284,0.01318980187129292,0.3310332912612095
ansible__ansible__2020-06-11_06-06-22,Python,1540986500,1566388100,523.7919075144508,344.3433526011561,17096.94104046243,1416.5826589595376,40.648554913294795,11.078612716763006,5.060115606936416,1375990.6964296517,865,1592,34737,9,0.00120021856611783,0.2184810485959838,1.9095477386934672,0.01505304411636365,0.33063329237835626
ansible__ansible__2020-06-11_06-06-22,Python,1566388100,1591789700,376.0052083333333,249.60416666666663,12508.446180555557,1082.5729166666667,27.944444444444443,8.239583333333334,3.8940972222222223,895953.8612652278,576,1181,18516,9,0.00141434291536904,0.1650666914394911,1.6689246401354785,0.02748684370840082,0.3623859263437784
apache__flink__2020-06-11_13-39-22,Java,1311378453,1336780053,11539.15,4742.05,338896.5,37867.95,925.8,345.65,58.9,26308782.252280287,20,24,16518,3,0.18840579710144925,0.6902507215007215,4.333333333333333,0.0088440229297626,0.1559278995740234
apache__flink__2020-06-11_13-39-22,Java,1336780053,1362181653,12817.363636363636,5780.363636363636,400632.4545454546,44900,1099.7272727272727,433.8181818181818,64.36363636363636,48586607.636146285,11,22,14409,3,0.16666666666666666,0.7053074376603788,3.5,0.09305426550352192,0.1385478947509921
apache__flink__2020-06-11_13-39-22,Java,1362181653,1387583253,4347.9375,1646.4375,132951.1875,15341.125,324.9375,123.5,20.625,9663645.605360128,16,30,9522,3,0.10804597701149424,0.62669688336355,3.1333333333333333,0.1260301848682409,0.24695177463780607
apache__flink__2020-06-11_13-39-22,Java,1387583253,1412984853,7061.2830188679245,3118.0377358490564,224653.9245283019,25961.830188679247,513.377358490566,243.0566037735849,27.641509433962263,16841319.703628644,53,72,71086,4,0.07766040688575901,0.6640224531237569,5.513888888888889,0.03407098936789976,0.20658011354080455
apache__flink__2020-06-11_13-39-22,Java,1412984853,1438386453,4118.095890410959,1906.4383561643835,132254.87671232875,15621.246575342466,283.05479452054794,138.68493150684932,19.84931506849315,12882460.20178829,73,105,38916,4,0.05952380952380953,0.6215726271621076,6.190476190476191,0.06380020120373375,0.22519701087062993
apache__flink__2020-06-11_13-39-22,Java,1438386453,1463788053,2483.548076923077,1202.3846153846157,85102.27884615384,9604.701923076924,162.3846153846154,81.36538461538461,11.64423076923077,6922423.700615706,104,164,35967,6,0.03078707167439772,0.5590594922711758,5.0182926829268295,0.18525564641029757,0.25528980418401376
apache__flink__2020-06-11_13-39-22,Java,1463788053,1489189653,2406.387323943662,1205.43661971831,81239.80281690141,9197.718309859154,148.72535211267606,75.23239436619718,10.626760563380282,10510400.629461244,142,227,45376,6,0.02116876535027874,0.4496482986217437,4.784140969162996,0.14571511627526823,0.22050092894457063
apache__flink__2020-06-11_13-39-22,Java,1489189653,1514591253,3340.0934579439254,1569.2803738317757,110075.95327102803,12278.364485981308,193.85981308411215,101.3177570093458,15.102803738317755,23082779.676720012,107,261,57193,5,0.01903919834954317,0.508680332141903,4.950191570881226,0.1756579270565749,0.21053491463231375
apache__flink__2020-06-11_13-39-22,Java,1514591253,1539992853,2070.644927536232,1067.876811594203,71188.68115942029,8061.760869565217,134.6231884057971,76.8695652173913,13.13768115942029,7318018.682891742,138,273,43427,6,0.01632191338073691,0.4481077545511358,4.43956043956044,0.00503321339944229,0.26813489265749846
apache__flink__2020-06-11_13-39-22,Java,1539992853,1565394453,2469.4010695187167,1355.3048128342243,84546.54010695187,9912.823529411764,185.1016042780749,109.40641711229948,13.20855614973262,8503724.49336782,187,327,55832,6,0.0154687529314647,0.3954462333702893,5.042813455657492,0.05531420583076218,0.26103441062850885
apache__flink__2020-06-11_13-39-22,Java,1565394453,1590796053,2516.3954545454544,1378.0318181818182,89006.58181818182,10598.86818181818,172.5818181818182,103.25,16.272727272727273,6586835.689703267,220,410,83091,6,0.01443735464249508,0.43383084364779734,5.904878048780488,0.04256812234588481,0.30060561460084484
eclipse__birt__2020-06-11_00-34-50,Java,1117700954,1143102554,5992.027027027027,2604.891891891892,156376.35135135136,15539.351351351352,438.5945945945946,148.8918918918919,49.729729729729726,13234593.069828097,37,44,23266,6,0.1501057082452431,0.541412765237702,6.454545454545454,0.05001231093508662,0.10533894785185818
eclipse__birt__2020-06-11_00-34-50,Java,1143102554,1168504154,6279.760869565217,3012.7391304347825,167495.89130434784,18423.82608695652,515.2173913043479,166,66.8913043478261,15179113.774955943,46,60,27327,6,0.11836158192090396,0.6183847980700763,6.983333333333333,0.07144018667512508,0.11039213273003966
eclipse__birt__2020-06-11_00-34-50,Java,1168504154,1193905754,7070.457142857143,3343.457142857143,189459.6857142857,20931.51428571429,567.4285714285714,176.31428571428572,77.02857142857142,21366214.437794685,35,57,19110,6,0.10181704260651628,0.5919445891103313,5.701754385964913,0.0117476509389095,0.10352906265293568
eclipse__birt__2020-06-11_00-34-50,Java,1193905754,1219307354,9017.793103448275,4326.482758620689,239409.8275862069,26031.13793103448,735.8620689655172,228.27586206896552,95.86206896551724,34021264.875865154,29,55,26203,5,0.0952861952861953,0.6212977317790151,5.1454545454545455,0.0221198851243094,0.12100603785122813
eclipse__birt__2020-06-11_00-34-50,Java,1219307354,1244708954,5620.137931034483,2786.9310344827586,149527.41379310345,16525.724137931036,477.6551724137931,153.24137931034485,67.3103448275862,24753406.74686209,29,62,17543,5,0.07191961924907456,0.6056023549856567,4.387096774193548,0.0076621597941765,0.17587955607527606
eclipse__birt__2020-06-11_00-34-50,Java,1244708954,1270110554,5291.291666666667,2640.2083333333335,143472.75,15856,476.9583333333333,136.95833333333334,72.20833333333333,20303638.6234949,24,55,14936,6,0.07306397306397307,0.5626297618008848,3.9454545454545458,0.04090021510260389,0.11185960305763296
eclipse__birt__2020-06-11_00-34-50,Java,1270110554,1295512154,3627.086956521739,1907.695652173913,98058.65217391304,11675.739130434782,352.69565217391306,81.65217391304348,71.65217391304348,18268933.787219368,23,52,10164,5,0.07918552036199095,0.5892106314347118,4.038461538461538,0.03711855305296807,0.10296417130147344
eclipse__birt__2020-06-11_00-34-50,Java,1295512154,1320913754,2051.24,1129.12,54767.28,6656.8,199.92,56.36,32.28,18427623.586324085,25,54,4873,6,0.05520614954577219,0.5876781382500336,2.925925925925926,0.02420102003954283,0.10467945674841284
eclipse__birt__2020-06-11_00-34-50,Java,1320913754,1346315354,2452.125,1328,69246.70833333333,8142.833333333333,231.41666666666663,57.416666666666664,38.166666666666664,14602836.931248171,24,52,7050,6,0.05580693815987934,0.5091538971599701,2.8461538461538463,0.01625244276652882,0.10977046194176043
eclipse__birt__2020-06-11_00-34-50,Java,1346315354,1371716954,2185.5652173913045,1182.695652173913,58951.69565217391,7036.826086956522,219.3913043478261,57.56521739130435,42.08695652173913,9275724.716873355,23,60,7916,6,0.04971751412429378,0.5033066847153534,2.933333333333333,0.01703647688529352,0.16390059200818854
eclipse__birt__2020-06-11_00-34-50,Java,1371716954,1397118554,2454.095238095238,1148.2380952380952,60538.28571428572,6414.047619047619,196.8095238095238,53.19047619047619,41.38095238095238,17628253.353331048,21,52,9004,6,0.05995475113122171,0.4625265794576941,3.0576923076923075,0.05458378586040058,0.15858190986263965
eclipse__birt__2020-06-11_00-34-50,Java,1397118554,1422520154,2510.7368421052633,1074.3684210526317,57374.57894736842,6228.263157894737,173.78947368421052,53.63157894736842,33.89473684210526,8640570.635919278,19,71,8876,7,0.04124748490945674,0.44440631711878387,2.887323943661972,0.12440256053159128,0.31037734779131276
eclipse__birt__2020-06-11_00-34-50,Java,1422520154,1447921754,1072.7777777777778,447.6666666666667,26775.666666666668,2784.5555555555557,75.11111111111111,25.666666666666668,15.444444444444445,4004308.944006222,9,50,1145,4,0.03877551020408163,0.19037895437895436,1.9,0.07271424340028743,0.10619283867602386
eclipse__birt__2020-06-11_00-34-50,Java,1447921754,1473323354,1376.888888888889,514.7777777777778,30837.333333333332,3136.8888888888887,78.11111111111111,23.444444444444443,15.333333333333334,5500268.778931279,9,52,2905,4,0.04147812971342383,0.41582010351806736,2.1153846153846154,0.13933673117391387,0.21012370897323515
eclipse__birt__2020-06-11_00-34-50,Java,1473323354,1498724954,294.25,105.16666666666669,8485.333333333334,636.1666666666666,15.25,6,5,824042.2242252919,12,36,864,3,0.04206349206349207,0.19214400736139864,1.4722222222222223,0.01927057341016158,0.25540828509767255
eclipse__birt__2020-06-11_00-34-50,Java,1498724954,1524126554,292.64285714285717,187,8053.714285714285,1059.142857142857,34.214285714285715,11.785714285714286,4.642857142857143,1696731.4841056468,14,30,778,2,0.03448275862068965,0.02666666666666666,1,0.04762110313072854,0.22984379407920727
eclipse__birt__2020-06-11_00-34-50,Java,1524126554,1549528154,150.1818181818182,99.1818181818182,3877.818181818182,540.7272727272727,16.545454545454547,4.454545454545454,3.090909090909091,1512384.9707791237,11,26,160,2,0.04769230769230769,0.06135531135531135,1.1923076923076923,0.01794071929201191,0.16543833627061472
eclipse__birt__2020-06-11_00-34-50,Java,1549528154,1574929754,119.54545454545456,51.45454545454545,3307.090909090909,366.1818181818182,5,0.7272727272727273,2.272727272727273,277111.8613996405,11,27,128,2,0.03276353276353276,0,0.8518518518518519,2.000000000279556e-6,0.22180884480805715
GNOME__gtk__2020-06-13_12-30-17,C,880707167,906108767,1883.8666666666663,926.6,43516.63333333333,5119.6,161.66666666666666,30.133333333333333,22.833333333333332,49728257.569329366,30,31,4813,6,0.11827956989247312,0.4738698530294456,3.5483870967741935,0.2804722480694072,0.21700313844784944
GNOME__gtk__2020-06-13_12-30-17,C,906108767,931510367,694.6578947368421,251.07894736842104,15445.421052631578,1427.657894736842,50.026315789473685,7.7894736842105265,9.657894736842104,17833129.624294784,38,44,1669,4,0.05496828752642706,0.39033690946734434,2.363636363636364,0.12670871704498787,0.1554097003078656
GNOME__gtk__2020-06-13_12-30-17,C,931510367,956911967,857.2307692307693,337.5769230769231,21254.5,2182.6153846153848,60.07692307692308,10.26923076923077,10.961538461538462,5202708.994979899,26,27,2754,5,0.13675213675213674,0.4800624272846495,3.5555555555555554,0.22362229598991745,0.27928133764552915
GNOME__gtk__2020-06-13_12-30-17,C,956911967,982313567,1377.925925925926,587.4814814814815,33279.81481481482,3207.1481481481483,95.07407407407408,18.03703703703704,14.48148148148148,17304525.177904025,27,44,2003,5,0.04862579281183932,0.3076597014097014,2.090909090909091,0.10562638050541208,0.12514991895034822
GNOME__gtk__2020-06-13_12-30-17,C,982313567,1007715167,1688.054054054054,712.081081081081,44690.7027027027,3804.6216216216217,115.16216216216216,24.56756756756757,22.24324324324324,38391499.69794099,37,65,5210,5,0.05,0.5400022163755791,3.2,0.39275646174731493,0.17001659743440384
GNOME__gtk__2020-06-13_12-30-17,C,1007715167,1033116767,946.5813953488372,401.69767441860466,24752.81395348837,2176.813953488372,74.30232558139535,12.674418604651162,20.6046511627907,25941297.337449834,43,64,4734,4,0.04836309523809524,0.43125500466332384,3.046875,0.22086267676852012,0.20487371004523655
GNOME__gtk__2020-06-13_12-30-17,C,1033116767,1058518367,1203.8064516129032,431.741935483871,30974.129032258064,2484.5806451612902,77.2258064516129,14.225806451612904,18.612903225806452,26431874.456274047,31,69,5120,4,0.0370843989769821,0.4471479618942265,2.5217391304347827,0.21119056014028736,0.2018162680226591
GNOME__gtk__2020-06-13_12-30-17,C,1058518367,1083919967,1328.3170731707316,551.8536585365854,35775.70731707317,2941.951219512195,95.8780487804878,19.365853658536587,25.097560975609756,23917134.40556306,41,59,4603,4,0.04763296317942724,0.4133946950205072,2.76271186440678,0.18578291774067957,0.15137817158634623
GNOME__gtk__2020-06-13_12-30-17,C,1083919967,1109321567,1098.34375,472.34375,28288.4375,2507.3125,77.375,15.21875,28.96875,30693823.92681644,32,54,3116,4,0.0429769392033543,0.3495154718193934,2.2777777777777777,0.1859040135060445,0.17912703068558267
GNOME__gtk__2020-06-13_12-30-17,C,1109321567,1134723167,990,426.61764705882354,25499.058823529413,2426.970588235294,78,11.470588235294118,24.38235294117647,27386643.269708965,34,72,4097,5,0.02758215962441314,0.24784720544524463,1.9583333333333333,0.16854668613270885,0.1742159550299354
GNOME__gtk__2020-06-13_12-30-17,C,1134723167,1160124767,1249.909090909091,519.7575757575758,33241.666666666664,2798.6363636363635,86.6969696969697,17.575757575757574,28.484848484848484,71230746.61028293,33,69,3269,4,0.02877237851662404,0.31172407990838397,1.9565217391304348,0.1603166362741535,0.21205687025598152
GNOME__gtk__2020-06-13_12-30-17,C,1160124767,1185526367,703.5925925925926,292.537037037037,19411.055555555555,1570.9814814814815,52.648148148148145,9.444444444444445,15.962962962962964,17576567.95337745,54,78,4169,6,0.03463203463203463,0.3328478955776972,2.6666666666666665,0.21431064002509104,0.20316301947507848
GNOME__gtk__2020-06-13_12-30-17,C,1185526367,1210927967,422.188679245283,187.43396226415095,11327.490566037735,990.1320754716982,30.58490566037736,4.867924528301887,11.81132075471698,9950546.224191844,53,80,2346,5,0.0300632911392405,0.35854801936483527,2.375,0.20088603226106416,0.23251180056722875
GNOME__gtk__2020-06-13_12-30-17,C,1210927967,1236329567,682.25,257.13235294117646,17805.029411764706,1384.0588235294117,44.26470588235294,8.926470588235293,19.073529411764707,19555498.184109353,68,113,6444,4,0.0279709228824273,0.36324764837793944,3.1327433628318584,0.00624753041739112,0.1886917552874232
GNOME__gtk__2020-06-13_12-30-17,C,1236329567,1261731167,474.6923076923077,195.75824175824175,13203.692307692309,1040.3186813186812,30.34065934065934,7.868131868131868,12.703296703296704,17985308.486322433,91,137,7130,6,0.01910691283812795,0.25520062945985134,2.5985401459854014,0.1308713334484678,0.2241753195227522
GNOME__gtk__2020-06-13_12-30-17,C,1261731167,1287132767,1234.175824175824,448.46153846153845,32621.01098901099,2379.835164835165,57.35164835164835,14.461538461538462,26.10989010989011,29321925.727365516,91,180,25426,6,0.01772191185599006,0.4483799103178549,3.172222222222222,0.10624005430243476,0.2796575915706721
GNOME__gtk__2020-06-13_12-30-17,C,1287132767,1312534367,1752.009708737864,691.1844660194175,49439.155339805824,3773.650485436893,99.64077669902912,28.0873786407767,37.067961165048544,32436822.186655536,103,181,25863,5,0.02065684468999386,0.4576864347157309,3.718232044198895,0.06631645821062637,0.3217932138996226
GNOME__gtk__2020-06-13_12-30-17,C,1312534367,1337935967,938.3873873873874,474.5765765765766,27276.72972972973,2506.6486486486488,82.10810810810811,22.3963963963964,22.17117117117117,20886132.683552004,111,163,16456,6,0.01848064833749905,0.40364377332624873,2.9938650306748467,0.00874447748227824,0.3378432068762307
GNOME__gtk__2020-06-13_12-30-17,C,1337935967,1363337567,612.8854166666666,304.65625,18017.729166666668,1590.3854166666667,49.8125,13.041666666666666,14.604166666666666,14744259.738933943,96,148,8174,6,0.01999448428019856,0.35915330797048783,2.939189189189189,0.03951786568841742,0.31689315973313453
GNOME__gtk__2020-06-13_12-30-17,C,1363337567,1388739167,568.3097345132743,264.070796460177,16512.12389380531,1516.424778761062,40.309734513274336,10.4070796460177,14.176991150442475,13080961.04994794,113,168,12914,5,0.02042343883661249,0.3981907281458955,3.4107142857142856,0.31384253679608987,0.2555665660717537
GNOME__gtk__2020-06-13_12-30-17,C,1388739167,1414140767,997.040404040404,459.7171717171717,28887.959595959597,2567.090909090909,85.98989898989899,25.858585858585855,30.282828282828284,34643120.00863098,99,203,16538,5,0.01526605862556699,0.4583740558506363,3.083743842364532,0.06902458301374137,0.32660780943019013
GNOME__gtk__2020-06-13_12-30-17,C,1414140767,1439542367,728.8888888888889,356.06060606060606,21740.050505050505,1975.6363636363635,60.27272727272727,14.717171717171718,21.353535353535353,16696283.684864948,99,173,9168,5,0.01508939373571716,0.3669943208351771,2.5953757225433525,0.24162793562153173,0.2991932454552651
GNOME__gtk__2020-06-13_12-30-17,C,1439542367,1464943967,1114.1720430107528,492.8709677419355,33715.408602150535,2851.2150537634407,72.27956989247312,18.9247311827957,35.02150537634409,31317562.14827809,93,213,21278,6,0.01392948888298343,0.35393640188274095,2.9530516431924885,0.29277367477424854,0.3069176468707543
GNOME__gtk__2020-06-13_12-30-17,C,1464943967,1490345567,1289.428571428571,651.1688311688312,39120.28571428572,3530.5714285714284,90.5974025974026,28.87012987012987,24.935064935064936,32140950.783437535,77,212,27536,6,0.01307788607708128,0.4267900857927134,2.759433962264151,0.104524130107421,0.2919266963102631
GNOME__gtk__2020-06-13_12-30-17,C,1490345567,1515747167,1582.7727272727273,763.8636363636364,47019.71212121212,4279.363636363636,113.45454545454544,29.666666666666668,39.121212121212125,44876157.75401696,66,219,27452,5,0.01229525365506262,0.41566569038582907,2.680365296803653,0.3813036004203922,0.26645831777536755
GNOME__gtk__2020-06-13_12-30-17,C,1515747167,1541148767,1271.2328767123288,560.4383561643835,36384.75342465754,3032.109589041096,84.86301369863014,26.95890410958904,24.246575342465754,28970304.317020547,73,200,22390,5,0.0136180904522613,0.43066764767260096,2.71,0.1834950221072814,0.32492350514299295
GNOME__gtk__2020-06-13_12-30-17,C,1541148767,1566550367,1405.8529411764705,659.1617647058823,41081.720588235294,3634.8823529411766,109.69117647058825,26.852941176470587,32.26470588235294,42191851.89203433,68,194,16387,5,0.01127076545056353,0.36363813262643946,2.1752577319587627,0.3055347689224439,0.263765815660481
GNOME__gtk__2020-06-13_12-30-17,C,1566550367,1591951967,2285.3571428571427,1011.6714285714286,66844.11428571428,5728.771428571428,147.5,46.02857142857143,46.32857142857143,58342938.797448255,70,253,37464,4,0.01132442436790262,0.4540916289927784,2.8537549407114624,0.29256280407598523,0.35614429205628334
Homebrew__homebrew-cask__2020-06-13_00-14-26,Ruby,1347090223,1372491823,388.125,285.875,9713.875,1345.375,49.5,33.75,15,222040.45330490053,8,8,89,2,0.14285714285714285,0,1,2.000000000612623e-6,0.3898723015255126
Homebrew__homebrew-cask__2020-06-13_00-14-26,Ruby,1372491823,1397893423,114.5,74.14,3108.4,388.7,14.98,8.58,6.02,69780.48797494313,50,55,778,4,0.0303030303030303,0.40493417961277334,1.6363636363636365,0.18005549841994797,0.16019374951817153
Homebrew__homebrew-cask__2020-06-13_00-14-26,Ruby,1397893423,1423295023,484.9166666666667,284.4583333333333,12777.833333333334,1411.8333333333333,64.16666666666667,32.25,20.291666666666668,597444.7837314204,24,44,1133,3,0.03646934460887949,0.35019260234571237,1.568181818181818,0.1508324924587301,0.27119273391852716
Homebrew__homebrew-cask__2020-06-13_00-14-26,Ruby,1423295023,1448696623,31.39130434782609,18.217391304347824,992,103.2608695652174,3.0434782608695654,2.3043478260869565,2.1739130434782608,19296.80171243643,23,28,131,6,0.03439153439153439,0.08712121212121213,0.9285714285714286,0.0232713978280239,0.34840891675287305
Homebrew__homebrew-cask__2020-06-13_00-14-26,Ruby,1448696623,1474098223,231.63333333333333,116.93333333333334,6435.5,601.5666666666667,23.833333333333332,12.6,9.566666666666666,227401.17419384475,30,67,1559,6,0.02532790592492085,0.24993041212804468,1.671641791044776,0.12670577519764914,0.45214216204279023
Homebrew__homebrew-cask__2020-06-13_00-14-26,Ruby,1474098223,1499499823,15.333333333333334,6.222222222222222,417.8888888888889,39.55555555555556,1.3333333333333333,1,1.6666666666666667,2322.336571720318,9,14,38,3,0.08241758241758242,0.16666666666666666,1.0714285714285714,0.0378754706699127,0.5966070966070967
Homebrew__homebrew-cask__2020-06-13_00-14-26,Ruby,1499499823,1524901423,12.857142857142858,5.714285714285714,436.7142857142857,39.142857142857146,1.7142857142857142,1.7142857142857142,2.5714285714285716,4326.840206392851,7,12,22,2,0.07575757575757576,0.27777777777777773,0.8333333333333334,0.33333500000000005,0.4426590851009456
Homebrew__homebrew-cask__2020-06-13_00-14-26,Ruby,1524901423,1550303023,55.333333333333336,25,1513,130.33333333333334,4.333333333333333,1.3333333333333333,7,56828.81129179408,3,5,14,2,0.15,0,0.6,2.000000000279556e-6,0.05563725490196079
Homebrew__homebrew-cask__2020-06-13_00-14-26,Ruby,1550303023,1575704623,162.6,96.4,4760,658.2,13.6,4.6,11.6,285958.6660132641,5,5,2,2,0.1,0,0.4,1.999999999946489e-6,0.04026315789473684
Netflix__conductor__2020-06-11_06-17-51,Java,1492872020,1518273620,521.4705882352941,328.88235294117646,15629.64705882353,2762.823529411765,50.64705882352941,23.705882352941178,7.705882352941177,6213819.918259506,17,19,331,4,0.06432748538011696,0.16608187134502925,1.1578947368421053,0.02239568306952055,0.1467079870938045
Netflix__conductor__2020-06-11_06-17-51,Java,1518273620,1543675220,2097.0689655172414,830.0344827586207,72561.55172413793,6299.896551724138,124.6206896551724,73.86206896551724,15.89655172413793,7969992.145780236,29,46,8618,5,0.07729468599033816,0.5061250769690667,3.4782608695652173,0.22834938213145672,0.17764538417875378
Netflix__conductor__2020-06-11_06-17-51,Java,1543675220,1569076820,496.95,289.875,19125.575,2548.675,30.675,16.85,6.8,8002888.728973681,40,58,2036,8,0.0544464609800363,0.35723815850590707,3.103448275862069,0.09446067409888947,0.18352411596867535
netxms__netxms__2020-06-11_20-06-02,Java,1083859203,1109260803,24789.666666666668,13532.666666666666,634661.3333333334,80859,2409.3333333333335,638.6666666666666,217.33333333333337,69540179.26172623,3,3,738,2,0.6666666666666666,0,1.3333333333333333,1.999999999613422e-6,0.07536227663732067
netxms__netxms__2020-06-11_20-06-02,Java,1109260803,1134662403,23231.5,12883.5,598630,79700.5,2359.5,615,215.5,92191302.45077509,2,3,339,2,0.5,0,1,2.0000000000575113e-6,0.01830534576499693
netxms__netxms__2020-06-11_20-06-02,Java,1134662403,1160064003,23761.5,12480,568204.5,73718.5,2264,580.5,179,115420544.06018284,2,2,1157,1,1,NA,1,2.0000000000575113e-6,0.09451834560812766
netxms__netxms__2020-06-11_20-06-02,Java,1160064003,1185465603,15917.333333333334,8264,388509.6666666667,51717.666666666664,1505.3333333333333,382,115.33333333333331,100279773.9946506,3,3,3398,2,0.5,0,1,2.000000000279556e-6,0.20601221417284304
netxms__netxms__2020-06-11_20-06-02,Java,1185465603,1210867203,11171.5,6469,268817.5,41580,1190,314,99,85254662.26481181,2,2,480,1,1,NA,1,2.0000000000575113e-6,0.11359768233079366
netxms__netxms__2020-06-11_20-06-02,Java,1210867203,1236268803,15887,8613.5,360367,54809,1562.5,486.5,148,86351929.98338819,2,2,602,1,1,NA,1,2.0000000000575113e-6,0.09096686130093148
netxms__netxms__2020-06-11_20-06-02,Java,1236268803,1261670403,17648.333333333332,9565.666666666666,438702.3333333333,61539.666666666664,1580.6666666666667,548,105.66666666666669,83159316.06374346,3,3,916,2,0.6666666666666666,0,1.3333333333333333,1.999999999946489e-6,0.08542748980460206
netxms__netxms__2020-06-11_20-06-02,Java,1261670403,1287072003,16907.5,8386.5,440442,56872,1263.5,485.5,112.5,81353543.0655669,2,2,712,1,1,NA,1,2.0000000000575113e-6,0.08289541202601422
netxms__netxms__2020-06-11_20-06-02,Java,1287072003,1312473603,24626.25,12014.5,632524.75,81294.25,1831,760.5,137.75,149064960.49515098,4,4,2184,2,0.5,0,1.5,1.999999999946489e-6,0.06094674887838189
netxms__netxms__2020-06-11_20-06-02,Java,1312473603,1337875203,26961.25,14725,696819,97266.25,2167,819.25,160.5,139071554.10571665,4,5,2336,2,0.55,0.7666666666666666,2.2,0.0572559648541664,0.050173764575127
netxms__netxms__2020-06-11_20-06-02,Java,1337875203,1363276803,21585.75,9042,524407,61951.5,1539,450,153.75,86528542.96413061,4,5,1856,2,0.6,0.7666666666666666,2.4,0.04891880779840507,0.08884152020991844
netxms__netxms__2020-06-11_20-06-02,Java,1363276803,1388678403,12382.125,5167.875,296188,35524.375,759.5,262.375,90,50293538.21022811,8,10,5649,2,0.23333333333333336,0.5519047619047619,2.1,0.03228904941889632,0.14064448373404886
netxms__netxms__2020-06-11_20-06-02,Java,1388678403,1414080003,12120.57142857143,4978.285714285715,321409.71428571426,32870.857142857145,838.5714285714286,257.85714285714283,128.57142857142858,96745462.05898832,7,9,4184,3,0.2361111111111111,0.3968253968253968,1.8888888888888888,0.05275836644484233,0.21104206102579748
netxms__netxms__2020-06-11_20-06-02,Java,1414080003,1439481603,17637.25,8623.75,496377.25,60464.75,1436.75,386.25,159,138405293.13847882,4,8,3278,2,0.26785714285714285,0.5446428571428572,1.875,0.04829705803372897,0.07628443886812482
netxms__netxms__2020-06-11_20-06-02,Java,1439481603,1464883203,14117.5,7088.75,415745,49947,1232.5,338.25,155,191861387.5997799,4,8,3145,2,0.30357142857142855,0.6916666666666667,2.125,0.07803120682534503,0.147740543366879
netxms__netxms__2020-06-11_20-06-02,Java,1464883203,1490284803,15189,7191.6,411393.6,49124.6,1301,349.8,150.6,143632646.61363435,5,9,7140,2,0.2777777777777778,0.5164021164021163,2.2222222222222223,0.11295893814860204,0.1081524921377588
netxms__netxms__2020-06-11_20-06-02,Java,1490284803,1515686403,11697.666666666666,5750.5,337689.6666666667,40009.166666666664,1017.3333333333334,294.1666666666667,122.83333333333331,138637656.6763739,6,9,4399,3,0.3333333333333333,0.6246031746031746,2.6666666666666665,0.15825849297153127,0.11532955159311478
netxms__netxms__2020-06-11_20-06-02,Java,1515686403,1541088003,11921.75,5556.25,334046.75,38746.75,1049,276,135.5,113892752.50971413,4,8,2394,2,0.26785714285714285,0.4291666666666667,1.875,0.04676546599323794,0.09305212301504232
netxms__netxms__2020-06-11_20-06-02,Java,1541088003,1566489603,7973,3745.285714285714,232676.14285714287,26258,734.2857142857143,196,98.71428571428572,109407159.50209405,7,11,2973,3,0.16363636363636364,0.23484848484848483,1.6363636363636365,0.04057564876903419,0.15673539562750274
netxms__netxms__2020-06-11_20-06-02,Java,1566489603,1591891203,11670.42857142857,5127.857142857143,329620.85714285716,35464,905.1428571428572,243.42857142857144,138.57142857142858,126696320.39329705,7,14,5348,3,0.14285714285714285,0.42699443413729127,1.8571428571428572,0.044696939310649,0.20374749375396708
python__cpython__2020-06-11_06-27-42,Python,701409524,726811124,7967.666666666667,4656.333333333333,173077.66666666666,29577.333333333332,1170.3333333333333,270.3333333333333,118,31237461.385054093,3,3,256,2,0.5,0,1,1.999999999946489e-6,0.05411209074974887
python__cpython__2020-06-11_06-27-42,Python,726811124,752212724,5617,3110.6666666666665,125552,20782.333333333332,839.3333333333334,170.66666666666666,61.666666666666664,30647924.62900181,3,3,430,1,1,1,2,0.11632757745722622,0.06426790909154356
python__cpython__2020-06-11_06-27-42,Python,752212724,777614324,5816.666666666667,3315,132034,23706.333333333332,820.6666666666666,264,77.33333333333333,55487445.51421025,3,3,108,1,0.6666666666666666,1,1.3333333333333333,0.144646303006555,0.02328045577966274
python__cpython__2020-06-11_06-27-42,Python,777614324,803015924,10313.333333333334,5259,232654,31656.333333333332,1088,274.3333333333333,192,48345985.222454645,3,3,693,2,0.6666666666666666,0,1.3333333333333333,2.0000000000575113e-6,0.07719483620145288
python__cpython__2020-06-11_06-27-42,Python,803015924,828417524,8504.333333333334,5146.333333333333,199901,30678,1179.3333333333333,349.3333333333333,171.66666666666666,101992976.28969848,3,3,932,2,0.8333333333333334,1,1.6666666666666667,0.00410591577089047,0.03222193711269
python__cpython__2020-06-11_06-27-42,Python,828417524,853819124,8689.6,3366.4,178742.4,21725.8,770.6,205.4,174.8,63827404.58067224,5,6,6318,2,0.5,0.6944444444444445,2.5,0.15886317616695889,0.21984627690241665
python__cpython__2020-06-11_06-27-42,Python,853819124,879220724,6844.166666666667,3306,153791,19700,757.1666666666666,159,153.5,48842590.244534016,6,7,1354,2,0.2619047619047619,0,1.5714285714285714,2.0000000000575113e-6,0.1020160863516733
python__cpython__2020-06-11_06-27-42,Python,879220724,904622324,8317.333333333334,3666.8333333333335,191007.66666666663,26293,709.5,174.5,185.5,55129398.73648494,6,8,2540,2,0.2857142857142857,0.6041666666666667,2,0.01616335248924494,0.06113076462844401
python__cpython__2020-06-11_06-27-42,Python,904622324,930023924,4100.5,2080.625,112091.25,14996.25,459.75,119.5,131,21590847.36831713,8,10,757,4,0.23333333333333336,0.43047619047619046,2.1,0.03464609415784248,0.07729543992530467
python__cpython__2020-06-11_06-27-42,Python,930023924,955425524,4168.555555555556,2008.5555555555557,113234.88888888888,13680.888888888889,390.8888888888889,113,94.33333333333331,25371694.95778083,9,11,1752,4,0.2272727272727273,0.5378787878787878,2.272727272727273,0.08222505142158743,0.04151313497422782
python__cpython__2020-06-11_06-27-42,Python,955425524,980827124,3171.935483870968,1334.741935483871,75914.58064516129,8048.1612903225805,304.9032258064516,68.38709677419355,80.25806451612904,27344323.69147625,31,32,18170,4,0.2550403225806452,0.6569145154381222,7.90625,0.1993011446156532,0.19511615449435615
python__cpython__2020-06-11_06-27-42,Python,980827124,1006228724,3416.1666666666665,1672.4,91220.7,10365.266666666666,347.56666666666666,100.46666666666668,96.76666666666668,77542476.67870781,30,38,11077,4,0.18349928876244667,0.7211885077277458,6.7894736842105265,0.3687808998897545,0.12566511310910575
python__cpython__2020-06-11_06-27-42,Python,1006228724,1031630324,1967.888888888889,879.8611111111111,52563.055555555555,6314.888888888889,170.75,46.083333333333336,65.27777777777777,26580222.873066258,36,46,11499,3,0.17053140096618358,0.6534058809708251,7.673913043478261,0.4498915730143042,0.22376003686473117
python__cpython__2020-06-11_06-27-42,Python,1031630324,1057031924,2252.425,1028.425,63448.1,7540.175,259.425,64.075,70.475,38742152.820885375,40,50,12378,4,0.1526530612244898,0.7196429925948451,7.48,0.02816170748627378,0.15217106885099896
python__cpython__2020-06-11_06-27-42,Python,1057031924,1082433524,806.1025641025641,391.0512820512821,21774.358974358973,2812.6153846153848,78.43589743589743,21.82051282051282,27.17948717948718,14216591.07749118,39,53,5353,4,0.12119013062409288,0.5763950540385638,6.30188679245283,0.14170305825114105,0.192661846603909
python__cpython__2020-06-11_06-27-42,Python,1082433524,1107835124,954.7777777777778,473.4222222222222,28676.28888888889,3767.6222222222223,79.11111111111111,23.133333333333333,33.644444444444446,14327920.193596045,45,60,5830,5,0.10056497175141244,0.6083244809250379,5.933333333333334,0.07509979107667752,0.12557683815615794
python__cpython__2020-06-11_06-27-42,Python,1107835124,1133236724,481.75,264.6666666666667,12905.944444444443,3018.0833333333335,48.888888888888886,16.63888888888889,18.88888888888889,8410063.935769375,36,47,2297,5,0.10730804810360776,0.433952090396287,4.9361702127659575,0.10318873092873336,0.22587608148022537
python__cpython__2020-06-11_06-27-42,Python,1133236724,1158638324,1518.4583333333333,663.2916666666666,39431.375,4833.958333333333,135.22916666666666,35.3125,49.479166666666664,29975840.061489496,48,67,13400,4,0.121438263229308,0.7122264781243912,8.014925373134329,0.4999797909014785,0.13495978044812773
python__cpython__2020-06-11_06-27-42,Python,1158638324,1184039924,1395.4102564102564,606.8205128205128,35613.05128205128,4820.384615384615,128.5897435897436,40.69230769230769,41.94871794871795,26822858.50917206,39,71,11996,5,0.0778672032193159,0.5953575906910419,5.450704225352113,0.42716910921137086,0.20353936754948385
python__cpython__2020-06-11_06-27-42,Python,1184039924,1209441524,2390.2448979591836,1079.734693877551,62095.489795918365,7614.65306122449,225.3877551020408,72.20408163265306,61.02040816326531,42595064.79081983,49,90,22516,4,0.09001248439450686,0.7082822124845797,8.011111111111111,0.5069692365514685,0.21701987153744123
python__cpython__2020-06-11_06-27-42,Python,1209441524,1234843124,2244.0416666666665,1077.125,62812.8125,7439.583333333333,257.1041666666667,81.625,59.354166666666664,43264249.26174637,48,85,17874,4,0.10112044817927172,0.6889885652858103,8.494117647058824,0.4329221029029712,0.16355426406836826
python__cpython__2020-06-11_06-27-42,Python,1234843124,1260244724,2017.2115384615383,865.9230769230769,58366.07692307692,6209.9807692307695,177.6153846153846,61.73076923076923,61.32692307692308,36059548.1559037,52,92,14535,4,0.08014811275680842,0.568718985273101,7.293478260869565,0.19401216722596937,0.16481503057694158
python__cpython__2020-06-11_06-27-42,Python,1260244724,1285646324,2834.235294117647,1302.5882352941176,82292.50980392157,8706.64705882353,288.5882352941176,96.03921568627452,85.98039215686275,61913199.62170582,51,108,21009,4,0.0746798200069228,0.6150603126118839,7.9907407407407405,0.27251637318092636,0.10912190588578076
python__cpython__2020-06-11_06-27-42,Python,1285646324,1311047924,1669.5,731.2931034482758,48551.77586206896,5364.672413793103,153.1206896551724,55.293103448275865,57.91379310344828,44738217.40984045,58,119,15454,5,0.055974932345819683,0.531094694190949,6.605042016806722,0.32423050733374803,0.13867790710344713
python__cpython__2020-06-11_06-27-42,Python,1311047924,1336449524,1537.7735849056603,736.566037735849,46512.16981132075,4987.735849056604,155.9433962264151,46.62264150943396,52.509433962264154,74585726.0433733,53,108,9741,5,0.05823814468674282,0.4972157178565314,6.231481481481482,0.3111077740999315,0.13716107704448138
python__cpython__2020-06-11_06-27-42,Python,1336449524,1361851124,1157.1475409836066,554.7377049180328,36942.77049180328,3894.1147540983607,117.81967213114754,40.60655737704918,39.34426229508197,38818145.5518919,61,124,8480,6,0.05691056910569105,0.4850697310986518,7,0.3562121919407957,0.15645592735196376
python__cpython__2020-06-11_06-27-42,Python,1361851124,1387252724,1342.2545454545457,616.7818181818182,40836.12727272727,4127.945454545455,123.43636363636364,46.018181818181816,45.054545454545455,40669525.97314623,55,109,8966,5,0.06260618416581719,0.563421748089388,6.761467889908257,0.25776472891980173,0.1530444162866633
python__cpython__2020-06-11_06-27-42,Python,1387252724,1412654324,1036.8909090909092,509.2181818181818,33259.29090909091,3586.8727272727274,129.76363636363635,46.58181818181818,31.4,36357194.51259617,55,109,7366,5,0.04884471627590893,0.47491801901638886,5.275229357798165,0.1177755383512521,0.1627858910973707
python__cpython__2020-06-11_06-27-42,Python,1412654324,1438055924,1161.063829787234,565.2978723404256,36333.85106382979,4095.340425531915,117.61702127659576,42.212765957446805,32.340425531914896,40667021.93098756,47,111,7052,5,0.03923013923013923,0.4837834708745536,4.315315315315315,0.3074606051805533,0.12164150178036004
python__cpython__2020-06-11_06-27-42,Python,1438055924,1463457524,1218.675,557.475,37956.875,4129.6,104.925,37.875,37.05,43507008.3814143,40,110,5318,6,0.03469557964970809,0.5013164659734387,3.7818181818181817,0.14799262615585596,0.11480701127767484
python__cpython__2020-06-11_06-27-42,Python,1463457524,1488859124,976.2753623188406,459.5797101449275,28473.1884057971,3113.086956521739,86.89855072463769,32.2463768115942,27.82608695652174,47526791.33256651,69,144,9385,5,0.03656759906759907,0.4848555396337722,5.229166666666667,0.2503583321834124,0.24012402404490993
python__cpython__2020-06-11_06-27-42,Python,1488859124,1514260724,278.08620689655174,123.375,8211.077586206897,792.2284482758621,25.51293103448276,8.543103448275861,5.831896551724138,9123384.86630912,232,318,10512,6,0.00867011884213241,0.2999327147911031,2.748427672955975,0.07664311405278901,0.2404327416327141
python__cpython__2020-06-11_06-27-42,Python,1514260724,1539662324,211.24696356275305,102.47368421052632,6495.765182186235,676.7854251012146,19.838056680161944,7.2105263157894735,5.109311740890688,9609839.581300894,247,346,6417,7,0.00764848789478093,0.21458219439630888,2.638728323699422,0.0567576656207569,0.2449973648258963
python__cpython__2020-06-11_06-27-42,Python,1539662324,1565063924,267.3029315960912,122.29315960912052,8073.846905537459,853.7361563517916,23.055374592833875,8.013029315960912,5.690553745928339,10889069.747271646,307,448,11996,7,0.00606723394055608,0.21897207716764175,2.7120535714285716,0.10547540915803089,0.2270560409510344
python__cpython__2020-06-11_06-27-42,Python,1565063924,1590465524,226.20165745856357,99.79558011049724,6621.806629834254,662.0828729281768,18.464088397790057,6.207182320441989,5.179558011049724,10329604.5681734,362,521,11652,7,0.00479108223829912,0.1992589456295777,2.491362763915547,0.11917226120241152,0.24533842990311672
sofa-framework__sofa__2020-06-13_15-35-15,C++,1142365637,1167767237,2243.5384615384614,1202.3076923076924,62557.84615384616,9212.846153846154,215.6153846153846,113.92307692307692,22.615384615384617,5394836.646485372,13,13,1679,3,0.22435897435897437,0.6785159285159286,2.6923076923076925,0.04218221633209018,0.09704295016960472
sofa-framework__sofa__2020-06-13_15-35-15,C++,1167767237,1193168837,3209.733333333333,1519.0666666666666,103280.86666666668,13259.866666666669,310.53333333333336,108.93333333333334,31.333333333333332,15907814.13649034,15,18,2017,4,0.18627450980392157,0.5496993746993747,3.1666666666666665,0.27859920274789374,0.12456990157823218
sofa-framework__sofa__2020-06-13_15-35-15,C++,1193168837,1218570437,3257.1153846153848,1559.7692307692307,103383.15384615384,13103.615384615385,307.96153846153845,123.5,34.53846153846154,15306677.976962917,26,27,8675,3,0.2136752136752137,0.6404387793276682,5.555555555555555,0.4032617921011913,0.125269264321669
sofa-framework__sofa__2020-06-13_15-35-15,C++,1218570437,1243972037,2507.296296296296,1161.6296296296296,82652.81481481482,9702.962962962964,224.22222222222223,83.37037037037037,33.666666666666664,14297609.676408136,27,34,5986,4,0.17290552584670232,0.6363646122277837,5.705882352941177,0.32694648860908637,0.18611962281233063
sofa-framework__sofa__2020-06-13_15-35-15,C++,1243972037,1269373637,2452.969696969697,1222.030303030303,81292.78787878787,9962.757575757576,239.63636363636363,84.18181818181819,32.57575757575758,9818003.858026445,33,44,6687,4,0.12526427061310785,0.5994667096023402,5.386363636363637,0.378882204955562,0.15209198380472946
sofa-framework__sofa__2020-06-13_15-35-15,C++,1269373637,1294775237,2361.5588235294117,1137.6176470588234,79669.4705882353,9298.323529411764,194.91176470588235,94.05882352941175,35,11867711.809118744,34,45,9361,4,0.13585858585858587,0.6548970298013022,5.977777777777778,0.09469666419110444,0.1168651610518158
sofa-framework__sofa__2020-06-13_15-35-15,C++,1294775237,1320176837,2219.8275862068967,1029.2413793103449,73864.75862068965,8521.586206896553,183.93103448275863,72.72413793103448,29.82758620689655,9435641.364641484,29,52,11214,4,0.11463046757164404,0.6029018505137375,5.846153846153846,0.3871459294763042,0.22056230998469473
sofa-framework__sofa__2020-06-13_15-35-15,C++,1320176837,1345578437,1916.029411764706,957.029411764706,67588.17647058824,8353.323529411764,182,66.32352941176471,18.823529411764707,11766692.934661876,34,57,4879,4,0.06704260651629072,0.5287520500074699,3.754385964912281,0.26290934260385534,0.09648667657536558
sofa-framework__sofa__2020-06-13_15-35-15,C++,1345578437,1370980037,1676.90625,690.3125,59379.25,6874.875,133.90625,53.6875,18.3125,13885076.579729792,32,52,4389,5,0.09464555052790348,0.4241465804333586,4.826923076923077,0.16557604374699364,0.15937444361211076
sofa-framework__sofa__2020-06-13_15-35-15,C++,1370980037,1396381637,1845.4130434782608,723.5,50268.34782608696,6458.95652173913,125.1304347826087,52.630434782608695,20.32608695652174,6726669.63470298,46,67,11789,5,0.07191316146540028,0.4307780702992253,4.746268656716418,0.2639424096300702,0.14173456234480897
sofa-framework__sofa__2020-06-13_15-35-15,C++,1396381637,1421783237,1720.3090909090909,695.5818181818182,50867.90909090909,6011.8,110.69090909090907,46.54545454545455,25.10909090909091,5072715.165804384,55,88,13436,5,0.0770637408568443,0.517356701164193,6.704545454545454,0.3867998522485509,0.161000691691634
sofa-framework__sofa__2020-06-13_15-35-15,C++,1421783237,1447184837,2201.2702702702704,946.3513513513514,69010.45945945945,7529.621621621622,167,67.29729729729729,41.91891891891892,7335877.811411292,37,90,10930,5,0.0449438202247191,0.5629324706173787,4,0.28829802262724635,0.1604282948643545
sofa-framework__sofa__2020-06-13_15-35-15,C++,1447184837,1472586437,1593.75,690.1428571428571,47538.92857142857,5802.714285714285,110.92857142857144,47.5,31.928571428571427,6246462.667201276,28,85,7462,4,0.03865546218487395,0.5199037202741477,3.247058823529412,0.2670385902965662,0.2022884688053836
sofa-framework__sofa__2020-06-13_15-35-15,C++,1472586437,1497988037,1605,670.6046511627907,51687.348837209305,5290.46511627907,118.95348837209302,50.13953488372093,23.55813953488372,4657467.820679175,43,102,15555,4,0.0364977674238012,0.6140162780060985,3.686274509803922,0.28535400271403477,0.2563257210256139
sofa-framework__sofa__2020-06-13_15-35-15,C++,1497988037,1523389637,1182.2777777777778,478.8611111111111,35088.13888888889,3448.1944444444443,83.22222222222223,33.638888888888886,20.97222222222222,2657216.905274799,36,110,10145,5,0.03177648040033361,0.5307186256048934,3.463636363636364,0.19663632134890852,0.3168601608672579
sofa-framework__sofa__2020-06-13_15-35-15,C++,1523389637,1548791237,1757.2962962962963,702.1111111111111,56272.2962962963,5306,135.96296296296296,54.592592592592595,28.444444444444443,5868528.8171140775,27,106,16084,4,0.03602875112309075,0.5850550884182733,3.783018867924529,0.14992711806661196,0.3783452786412262
sofa-framework__sofa__2020-06-13_15-35-15,C++,1548791237,1574192837,1781,592.1739130434783,49083.260869565216,4557.347826086957,124.2608695652174,52,35.78260869565217,4511977.812833083,23,101,9660,4,0.04108910891089109,0.5941188685607297,4.108910891089109,0.29235867327103193,0.28943522416994893
VcDevel__Vc__2020-06-13_11-59-17,C++,1253620085,1279021685,2604.3333333333335,1246.3333333333333,78053,11256.333333333334,285.3333333333333,147.33333333333334,52.333333333333336,14940799.572526952,3,3,49,2,0.5,0,1,1.999999999946489e-6,0.01958219775303468
VcDevel__Vc__2020-06-13_11-59-17,C++,1380628085,1406029685,6456.5,3156,244076,28898.5,565.5,406.5,199,48818599.17216891,2,2,0,0,0,NA,0,NA,0
VcDevel__Vc__2020-06-13_11-59-17,C++,1406029685,1431431285,6234.5,2941,232129.5,30130,488,321.5,159.5,44906003.657802075,2,2,0,0,0,NA,0,NA,0
VcDevel__Vc__2020-06-13_11-59-17,C++,1431431285,1456832885,5764.666666666667,1854.6666666666667,191537.33333333337,20656.666666666668,461.3333333333333,273,143.33333333333334,38020538.29642051,3,3,174,2,0.5,0,1,1.999999999946489e-6,0.08981755828077106
VcDevel__Vc__2020-06-13_11-59-17,C++,1456832885,1482234485,2568.5,1247.5,91699.5,11077,209,174.5,79.5,23363653.689979646,2,2,14,1,0.5,NA,0.5,2.0000000000575113e-6,0.00137713948455636
VcDevel__Vc__2020-06-13_11-59-17,C++,1482234485,1507636085,121.33333333333331,29.333333333333332,4519.666666666667,376.6666666666667,5,1.6666666666666667,7,1196066.8150545969,3,4,16,2,0.16666666666666666,0,0.5,1.999999999946489e-6,0.02740900542095364
VcDevel__Vc__2020-06-13_11-59-17,C++,1507636085,1533037685,113.33333333333331,48.666666666666664,4169,401,7,2.6666666666666665,5.666666666666667,4570696.19039195,3,4,4,2,0.16666666666666666,0,0.5,1.999999999946489e-6,0.16873065015479877
